BEGIN;
REPLACE INTO "coopInfo_cooperative" ("id", "name", "acronym", "streetAddress", "website", "mailAddress", "email", "phone", "countiesServed", "consumers", "montlyMeeting", "annualMeeting", "numberOfEmployees", "milesOfLines", "nextElectionTerms", "servingTime", "bylaws", "stateId_id") VALUES
('1', ' Bailey County Electric Cooperative Association ', '', '610 E. American Blvd. Muleshoe TX 79347', 'http://www.bcecoop.com ', '', '', ' (806) 272-4504', '', '', '', '', '', '', '', '', '', '48'),
('2', ' Bandera Electric Cooperative Inc ', '', '3172 Hwy. 16 N. Bandera TX 78003', 'http://www.banderaelectric.com ', '', '', ' 1-866-226-3372', '', '', '', '', '', '', '', '', '', '48'),
('3', ' Bartlett Electric Cooperative Inc ', '', '27492 Hwy. 95 Bartlett TX 76511', 'http://www.bartlettec.coop ', '', '', ' (254) 527-3551', '', '', '', '', '', '', '', '', '', '48'),
('4', ' Big Country Electric Cooperative Inc ', '', '1010 W. South First St. Roby TX 79543', 'http://www.bigcountry.coop ', '', '', ' (325) 776-2244', '', '', '', '', '', '', '', '', '', '48'),
('5', ' Bluebonnet Electric Cooperative Inc ', '', '650 Hwy. 21 East Bastrop TX 78602', 'http://www.bluebonnetelectric.coop ', '', '', ' 1-888-622-2583', '', '', '', '', '', '', '', '', '', '48'),
('6', ' Bowie-Cass Electric Cooperative Inc ', '', '117 North St. Douglassville TX 75560', 'http://www.bcec.com ', '', '', ' (903) 846-2311', '', '', '', '', '', '', '', '', '', '48'),
('7', ' Brazos Electric Power Cooperative ', '', '2404 La Salle Ave. Waco TX 76702', 'http://www.brazoselectric.com ', '', '', ' (254) 750-6500', '', '', '', '', '', '', '', '', '', '48'),
('8', ' Bryan Texas Utilities (BTU) ', '', '205 E. 28th St. Bryan TX 77803', 'http://www.btutilities.com ', '', '', ' (979) 821-5715', '', '', '', '', '', '', '', '', '', '48'),
('9', ' Central Texas Electric Cooperative Inc ', '', '386 Friendship Lane Fredericksburg TX 78624', 'http://www.ctec.coop ', '', '', ' 1-800-900-2832', '', '', '', '', '', '', '', '', '', '48'),
('10', ' Cherokee County Electric Cooperative Association ', '', '29880 U.S. Hwy. 69 N. Rusk TX 75785', 'http://www.cceca.net ', '', '', ' (903) 683-2248', 'Cherokee Smith Rusk and Nacogdoche', '17000', '', '', '', '2900', '', '', 'http://www.cceca.net/PDF_Docs/CCECA-2012Rev-By-Laws.pdf', '48'),
('11', ' Coleman County Electric Cooperative Inc ', '', '3300 N. Hwy. 84 Coleman TX 76834', 'http://www.colemanelectric.org ', '', '', ' (325) 625-2128', '', '', '', '', '', '', '', '', '', '48'),
('12', ' Comanche Electric Cooperative Association ', '', '201 W. Wright Ave. Comanche TX 76442', 'http://www.ceca.coop ', '', '', ' (325) 356-2533', '', '', '', '', '', '', '', '', '', '48'),
('13', ' Concho Valley Electric Cooperative Inc ', '', '2530 Pulliam St. San Angelo TX 76905', 'http://www.cvec.coop ', '', '', ' (325) 655-6957', '', '', '', '', '', '', '', '', '', '48'),
('14', ' Cooke County Electric Cooperative Association ', '', '11799 W. U.S. Hwy. 82 Muenster TX 76252', 'http://www.cceca.com ', '', '', ' 1-800-962-0296', '', '', '', '', '', '', '', '', '', '48'),
('15', ' CoServ Electric ', '', '7701 S. Stemmons Corinth TX 76210', 'http://www.coserv.com ', '', '', ' (940) 321-7800', '', '', '', '', '', '', '', '', '', '48'),
('16', ' Deaf Smith Electric Cooperative Inc ', '', '1501 East First St. Hereford TX 79045', 'http://www.dsec.org ', '', '', ' (806) 364-1166', '', '', '', '', '', '', '', '', '', '48'),
('17', ' Deep East Texas Electric Cooperative Inc ', '', 'U.S. Hwy. 21 E. San Augustine TX 75972', 'http://www.deepeast.com ', '', '', ' (936) 275-2314', '', '', '', '', '', '', '', '', '', '48'),
('18', ' East Texas Electric Cooperative ', '', '2905 Westward Dr. Nacogdoches TX 75961', 'http://www.etec.coop ', '', '', ' (936) 560-9532', '', '', '', '', '', '', '', '', '', '48'),
('19', ' Fannin County Electric Cooperative Inc ', '', '1530 Silo Road Bonham TX 75418', 'http://www.fcec.coop ', '', '', ' (903) 583-2117', '', '', '', '', '', '', '', '', '', '48'),
('20', ' Farmers Electric Cooperative Inc ', '', '2000 Interstate 30 E. Greenville TX 75402', 'http://www.farmerselectric.coop ', '', '', ' 1-800-541-2662', '', '', '', '', '', '', '', '', '', '48'),
('21', ' Fayette Electric Cooperative Inc ', '', '357 N. Washington St. La Grange TX 78945', 'http://www.fayette.coop ', '', '', ' (979) 968-3181', '', '', '', '', '', '', '', '', '', '48'),
('22', ' Fort Belknap Electric Cooperative Inc ', '', '1302 W. Main St. Olney TX 76374', 'http://www.fortbelknapec.com ', '', '', ' (940) 564-3526', '', '', '', '', '', '', '', '', '', '48'),
('23', ' Golden Spread Electric Cooperative Inc ', '', '905 S. Fillmore Ste. 300 Amarillo TX 79101', 'http://www.gsec.coop ', '', '', ' (806) 379-7766', '', '', '', '', '', '', '', '', '', '48'),
('24', ' Grayson-Collin Electric Cooperative Inc ', '', '1096 N. Waco St. Van Alstyne TX 75495', 'http://www.grayson-collin.coop ', '', '', ' (903) 482-7100', '', '', '', '', '', '', '', '', '', '48'),
('25', ' Greenbelt Electric Cooperative Inc ', '', '706 10th St. Wellington TX 79095', 'http://www.greenbeltelectric.coop ', '', '', ' (806) 447-2536', '', '', '', '', '', '', '', '', '', '48'),
('26', ' Guadalupe Valley Electric Cooperative Inc ', '', '825 E. Sarah DeWitt Drive Gonzales TX 78629', 'http://www.gvec.org ', '', '', ' (830) 857-1200', '', '', '', '', '', '', '', '', '', '48'),
('27', ' Hamilton County Electric Cooperative Association ', '', '420 N. Rice Ave. Hamilton TX 76531', 'http://www.hamiltonelectric.coop ', '', '', ' (254) 386-3123', '', '', '', '', '', '', '', '', '', '48'),
('28', ' Harmon Electric Association Inc ', '', '114 N. First St. Hollis OK 73550', 'http://www.harmonelectric.com ', '', '', ' (580) 688-3342', '', '', '', '', '', '', '', '', '', '48'),
('29', ' Heart of Texas Electric Cooperative Inc ', '', '1111 S. Johnson Drive McGregor TX 76657', 'http://www.hotec.coop ', '', '', ' 1-800-840-2957', '', '', '', '', '', '', '', '', '', '48'),
('30', ' HILCO Electric Cooperative Inc ', '', '115 E. Main St. Itasca TX 76055', 'http://www.hilco.coop ', '', '', ' (254) 687-2331', '', '', '', '', '', '', '', '', '', '48'),
('31', ' Houston County Electric Cooperative Inc ', '', '1701 E. Loop 304 Crockett TX 75835', 'http://www.houstoncountyelec.com ', '', '', ' (936) 544-5641', '', '', '', '', '', '', '', '', '', '48'),
('32', ' J-A-C Electric Cooperative Inc ', '', '1784 FM 172 Henrietta TX 76365', 'http://www.jacelectric.com ', '', '', ' (940) 895-3311', '', '', '', '', '', '', '', '', '', '48'),
('33', ' Jackson Electric Cooperative Inc ', '', '8925 Hwy. 111 S. Ganado TX 77962', 'http://www.jecec.com ', '', '', ' (361) 771-4400', '', '', '', '', '', '', '', '', '', '48'),
('34', ' Jasper-Newton Electric Cooperative Inc ', '', '812 S. Margaret Ave. Kirbyville TX 75956', 'http://www.jnec.com ', '', '', ' 1-800-231-9340', '', '', '', '', '', '', '', '', '', '48'),
('35', ' Karnes Electric Cooperative Inc ', '', '1007 N. Hwy. 123 Karnes City TX 78118', 'http://www.karnesec.org ', '', '', ' (830) 780-3952', '', '', '', '', '', '', '', '', '', '48'),
('36', ' Lamar County Electric Cooperative Association ', '', '1485 N. Main St. Paris TX 75460', 'http://www.lamarelectric.coop ', '', '', ' 1-800-782-9010', '', '', '', '', '', '', '', '', '', '48'),
('37', ' Lamb County Electric Cooperative Inc ', '', '2415 S. Phelps Ave. Littlefield TX 79339', 'http://www.lcec.coop ', '', '', ' (806) 385-5191', '', '', '', '', '', '', '', '', '', '48'),
('38', ' Lea County Electric Cooperative Inc ', '', '1300 W. Avenue D Lovington NM 88260', 'http://www.leacountyelectric.coop ', '', '', '(575) 396-3631', '', '', '', '', '', '', '', '', '', '48'),
('39', ' Lighthouse Electric Cooperative Inc ', '', 'Highway 70 E. Floydada TX 79235', 'http://www.lighthouse.coop ', '', '', ' (806) 983-2814', '', '', '', '', '', '', '', '', '', '48'),
('40', ' Lower Colorado River Authority ', '', 'P.O. Box 220 Austin TX 78767', 'http://www.lcra.org ', '', '', ' 512-473-3200', '', '', '', '', '', '', '', '', '', '48'),
('41', ' Lyntegar Electric Cooperative Inc ', '', '1807 Main St. Tahoka TX 79373', 'http://www.lyntegar.coop ', '', '', ' (806) 561-4588', '', '', '', '', '', '', '', '', '', '48'),
('42', ' Magic Valley Electric Cooperative Inc ', '', '1 3/4 Miles West on Hwy. 83 Mercedes TX 78570', 'http://www.magicvalley.coop ', '', '', ' 1-866-225-5683', '', '', '', '', '', '', '', '', '', '48'),
('43', ' Medina Electric Cooperative Inc ', '', '2308 18th St. Hondo TX 78861', 'http://www.medinaec.org ', '', '', ' 1-866-632-3532', '', '', '', '', '', '', '', '', '', '48'),
('44', ' Mid-South Synergy ', '', '7625 Hwy. 6 Navasota TX 77868', 'http://www.midsouthsynergy.com ', '', '', ' (936) 825-5100', '', '', '', '', '', '', '', '', '', '48'),
('45', ' Navarro County Electric Cooperative Inc ', '', '3800 W. Hwy. 22 Corsicana TX 75151', 'http://www.navarroec.com ', '', '', ' (903) 874-7411', '', '', '', '', '', '', '', '', '', '48'),
('46', ' Navasota Valley Electric Cooperative Inc ', '', '2281 E. U.S. Hwy. 79 Franklin TX 77856', 'http://www.navasotavalley.com ', '', '', ' (979) 828-3232', '', '', '', '', '', '', '', '', '', '48'),
('47', ' North Plains Electric Cooperative Inc ', '', '14585 U.S. Hwy. 83 N. Perryton TX 79070', 'http://www.npec.org ', '', '', ' (806) 435-5482', '', '', '', '', '', '', '', '', '', '48'),
('48', ' Northeast Texas Electric Cooperative Inc. ', '', '1127 Judson Rd. Ste. 249 Longview TX 75601', 'none  ', '', '', ' (903) 757-3282', '', '', '', '', '', '', '', '', '', '48'),
('49', ' Nueces Electric Cooperative Inc ', '', '709 E. Main St. Robstown TX 78380', 'http://www.nueceselectric.org ', '', '', ' 1-800-632-9288', '', '', '', '', '', '', '', '', '', '48'),
('50', ' Panola-Harrison Electric Cooperative Inc ', '', '410 E. Houston St. Marshall TX 75670', 'http://www.phec.us ', '', '', ' (903) 935-0154', '', '', '', '', '', '', '', '', '', '48'),
('51', ' Pedernales Electric Cooperative Inc ', '', '201 S. Avenue F Johnson City TX 78636', 'http://www.pec.coop ', '', '', ' (830) 868-7155', '', '', '', '', '', '', '', '', '', '48'),
('52', ' Rayburn Country Electric Cooperative Inc ', '', '980 Sids Rd. Rockwall TX 75032', 'http://www.rayburnelectric.com ', '', '', ' (469) 402-2100', '', '', '', '', '', '', '', '', '', '48'),
('53', ' Rita Blanca Electric Cooperative Inc ', '', '12210 U.S. Hwy. 87 N. Dalhart TX 79022', 'http://www.ritablancaelectric.com ', '', '', ' (806) 249-4506', '', '', '', '', '', '', '', '', '', '48'),
('54', ' Rusk County Electric Cooperative Inc ', '', '3162 Hwy. 43 E. Henderson TX 75652', 'http://www.rcelectric.org ', '', '', ' (903) 657-4571', '', '', '', '', '', '', '', '', '', '48'),
('55', ' Sam Houston Electric Cooperative Inc ', '', '1157 E. Church St. Livingston TX 77351', 'http://www.samhouston.net ', '', '', ' (936) 327-5711', '', '', '', '', '', '', '', '', '', '48'),
('56', ' Sam Rayburn G&T Electric Cooperative Inc. ', '', '2905 Westward Dr. Nacogdoches TX 75961', 'none  ', '', '', ' (936) 560-9532', '', '', '', '', '', '', '', '', '', '48'),
('57', ' San Bernard Electric Cooperative Inc ', '', '309 W. Main St. Bellville TX 77418', 'http://www.sbec.org ', '', '', ' (979) 865-3171', '', '', '', '', '', '', '', '', '', '48'),
('58', ' San Miguel Electric Cooperative Inc. ', '', '6200 FM 3387 Christine TX 78012', 'none  ', '', '', ' (830) 784-3411', '', '', '', '', '', '', '', '', '', '48'),
('59', ' San Patricio Electric Cooperative Inc ', '', '402 E. Sinton St. Sinton TX 78387', 'http://www.sanpatricioelectric.org ', '', '', ' (361) 364-2220', '', '', '', '', '', '', '', '', '', '48'),
('60', ' South Plains Electric Cooperative Inc ', '', '4727 S. Loop 289 Ste. 200 Lubbock TX 79424', 'http://www.spec.coop ', '', '', ' (806) 775-7732', '', '', '', '', '', '', '', '', '', '48'),
('61', ' South Texas Electric Cooperative Inc ', '', '2849 FM 447 Nursery TX 77976', 'http://www.stec.org ', '', '', ' (361) 575-6491', '', '', '', '', '', '', '', '', '', '48'),
('62', ' Southwest Rural Electric Association Inc ', '', '700 N. Broadway Tipton OK 73570', 'http://www.swre.com ', '', '', ' (580) 667-5281', '', '', '', '', '', '', '', '', '', '48'),
('63', ' Southwest Texas Electric Cooperative Inc ', '', '101 E. Gillis Ave. Eldorado TX 76936', 'http://www.swtec.com ', '', '', ' (325) 853-2544', '', '', '', '', '', '', '', '', '', '48'),
('64', ' Swisher Electric Cooperative Inc ', '', '401 S.W. Second St. Tulia TX 79088', 'http://www.swisherelectric.coop ', '', '', ' 1-800-530-4344', '', '', '', '', '', '', '', '', '', '48'),
('65', ' Taylor Electric Cooperative Inc ', '', '226 CR 287 Merkel TX 79536', 'http://www.taylorelectric.com ', '', '', ' 1-877-832-1939', '', '', '', '', '', '', '', '', '', '48'),
('66', ' Tex-La Electric Cooperative of Texas ', '', '2905 Westward Dr. Nacogdoches TX 75961', 'none  ', '', '', ' (936) 560-9532', '', '', '', '', '', '', '', '', '', '48'),
('67', ' Tri-County Electric Cooperative Inc ', '', '600 N.W. Parkway Azle TX 76020', 'http://www.tcectexas.com ', '', '', ' (817) 444-3201', '', '', '', '', '', '', '', '', '', '48'),
('68', ' Tri-County Electric Cooperative Inc. (OK) ', '', '302 E. Glaydas St. Hooker OK 73945', 'http://www.tri-countyelectric.coop ', '', '', ' 1-800-522-3315', '', '', '', '', '', '', '', '', '', '48'),
('69', ' Trinity Valley Electric Cooperative Inc ', '', '1800 Hwy. 243 E. Kaufman TX 75142', 'http://www.tvec.net ', '', '', ' 1-800-766-9576', '', '', '', '', '', '', '', '', '', '48'),
('70', ' United Cooperative Services ', '', '3309 N. Main St. Cleburne TX 76033', 'http://www.united-cs.com ', '', '', ' (817) 556-4000', '', '', '', '', '', '', '', '', '', '48'),
('71', ' Upshur Rural Electric Cooperative Corporation ', '', '1200 W. Tyler St. Gilmer TX 75644', 'http://www.urecc.com ', '', '', ' (903) 843-2536', '', '', '', '', '', '', '', '', '', '48'),
('72', ' Victoria Electric Cooperative Inc ', '', '102 S. Ben Jordan St. Victoria TX 77902', 'http://www.victoriaelectric.coop ', '', '', ' (361) 573-2428', '', '', '', '', '', '', '', '', '', '48'),
('73', ' Western Farmers Electric Cooperative ', '', '701 NE 7th St. Anadarko OK 73005', 'http://www.wfec.com ', '', '', ' (405) 247-3351', '', '', '', '', '', '', '', '', '', '48'),
('74', ' Wharton County Electric Cooperative Inc ', '', '1815 E. Jackson St. El Campo TX 77437', 'http://www.wcecnet.net ', '', '', ' (979) 543-6271', '', '', '', '', '', '', '', '', '', '48'),
('75', ' Wise Electric Cooperative Inc ', '', '1900 N. Trinity St. Decatur TX 76234', 'http://www.wiseec.com ', '', '', ' 1-888-627-9326', '', '', '', '', '', '', '', '', '', '48'),
('76', ' Wood County Electric Cooperative Inc ', '', '501 S. Main St. Quitman TX 75783', 'http://www.wcec.org ', '', '', ' (903) 763-4567', '', '', '', '', '', '', '', '', '', '48'),
('77', 'Rio Grande Electric Cooperative', 'rgec', '', 'http://www.riogrande.coop', '', '', '', '', '', '', '', '', '', '', '', 'http://www.riogrande.coop/bylaws/Approved%20Bylaws_071614.pdf', '48'),
('78', 'Albemarle Electric Membership Corporation', '', '159 Creek Drive Hertford NC 27944', 'www.aemc.coop', 'P.O. Box 69', '', '(800) 215-9915 (252) 426-5735 Fax: (252) 426-8270', 'Counties Served: Chowan Perquimans Pasquotank Camden Currituck', '1259', ':	Fourth Monday Night', '	Third Saturday in September', 'Number of Employees:        36', 'Miles of line:	1366', '', '', '', '37'),
('79', 'Blue Ridge Electric Membership Corporation', '', '1216 Blowing Rock Blvd. N.E.', 'www.blueridgeemc.com', 'P.O. Box 112  Lenoir NC 28645', '', '(800) 451-5474 (828) 758-2383 Fax: (828) 754-1831', 'Counties Served:	 Ashe Alleghany Wilkes Watauga Caldwell Alexander Avery', '7553', ':	 Last Thursday (Jan. April July Oct.) Fourth Thursday other months', '	 Second Saturday in June', 'Number of employees:         163', 'Miles of line:	 8000', '', '', '', '37'),
('80', 'Brunswick Electric Membership Corporation', '', '795 Ocean Highway West Supply NC 28462', 'www.bemc.org', 'P.O. Box 826 Shallotte 28459-0826', '', '(800) 842-5871 (910) 754-4391 Fax: (910) 755-4299', 'Counties Served:	 Columbus Brunswick Bladen Robeson', '85324', 'Last Thursday', '	 September', 'Number of employees:	 159', 'Miles of line:	 6485', '', '', '', '37'),
('81', 'Cape Hatteras Electric Cooperative', '', '47109 Light Plant Rd. Buxton NC 27920-0009', 'www.chec.coop', 'P.O. Box 9 Buxton NC 27920-0009', '', '(800) 454-5616  (252) 995-5616 Fax: (252) 995-4088', 'Counties Served:	 Dare', '7416', 'Bi-:	 Third Thursday', '	 May', 'Number of employees:	 25', 'Miles of line:	 338', '', '', '', '37'),
('82', 'Carteret-Craven Electric Cooperative', '', '1300 Hwy. 24 West Newport NC 28570-1490', 'www.carteretcravenelectric.coop', 'P.O. Box 1499 Newport NC 28570-1490 ', '', '(800) 682-2217  (252) 247-3107 Fax: (252) 247-5997', 'Counties Served:	 Carteret Craven Jones Onslow', '39154', ':	 Fourth Monday of each month', '	 First Thursday in May', 'Number of employees:	 74', 'Miles of line:	 2393', '', '', '', '37'),
('83', 'Central Electric Membership Corporation', '', '128 Wilson Rd. Sanford NC 27331', 'www.centralelectriconline.com', 'P.O. Box 1107 Sanford NC 27331 ', '', '(800) 446-7752 (919) 774-4900 Fax: (919) 774-1860', 'Counties Served:	 Chatham Harnett Lee Moore Randolph', '21700', ':	 Fourth Wednesday night', '	 First Friday in October', 'Number of employees:	 70', 'Miles of line:	 2442', '', '', '', '37'),
('84', 'Edgecombe-Martin County Electric Membership Corporation', '', '679 N.C. Highway 33 E. Tarboro NC 27886-0188', 'www.ememc.com', 'P.O. Box 188 Tarboro NC 27886-0188', '', '(800) 445-6486 (252) 823-2171 Fax: (252) 823-4535 ', 'Counties Served:	 Nash Edgecombe Martin Pitt Beaufort Bertie Halifax Wilson', '11514', ':	 Fourth Thursday', '	 Third Saturday in March', 'Number of employees:	 36', 'Miles of line:	 1441', '', '', 'http://www.ememc.com/documents/Bylaws072414finalrevised.pdf', '37'),
('85', 'EnergyUnited', '', '567 Mocksville Hwy Statesville NC 28625', 'www.energyunited.com', 'P.O. Box 1831 Statesville NC 28687-1831', '', '(800) 522-3793 (704) 873-5241 Fax: (704) 924-2120', 'Counties Served:	 Alexander Cabarrus Caldwell Catawba Davidson Davie Forsyth Gaston Guilford Iredell Lincoln Mecklenburg Montgomery Randolph Rockingham Rowan Stokes Yadkin Wilkes', '122164', 'Third Thursday ', '	 Third Saturday in September', 'Number of employees:	 176', 'Miles of line:	 12511', '', '', '', '37'),
('86', 'Four County Electric Membership Corporation', '', '1822 NC 53 West Burgaw NC', 'www.fourcty.org', 'P.O. Box 667 Burgaw NC 28425-0667', '', '(910) 259-2171 Fax: (910) 259-1860', 'Counties Served:	 Duplin Sampson Bladen Pender Columbus Onslow', '32114', ':	 Last Tuesday', '	 First Monday in October', 'Number of employees:	 92', 'Miles of line:	 5000', '', '', '', '37'),
('87', 'French Broad Electric Membership Corporation', '', '3043 Highway 213 Marshall NC 28753', 'www.frenchbroademc.com', 'P.O. Box 9 Marshall NC 28753-0009', '', '(828) 649-2051 (800) 222-6190 (NC & TN)', 'Counties Served: In North Carolina: Madison Buncombe Yancey Mitchell In Tennessee: Unicoi Cocke County', '37156', ':	 Fourth Tuesday', '	 First Saturday In May', 'Number of employees (including part-time):	 106', 'Miles of line:	 3906', '', '', '', '37'),
('88', 'Halifax Electric Membership Corporation', '', '208 West Whitfield St. Enfield NC 27823-0667', 'www.halifaxemc.com', 'P.O. Box 667 Enfield NC 27823-0667', '', '(252) 445-5111 Voice Mail: (252) 445-5113 Fax: (252) 445-2398', 'Counties Served:	 Warren Halifax Martin Nash', '11616', ':	 Fourth Tuesday', '  N/A       ', 'Number of employees:	 44', 'Miles of line:	 1670', '', '', '', '37'),
('89', 'Haywood Electric Membership Corporation', '', '376 Grindstone Rd. Waynesville NC 28785', 'www.haywoodemc.com', '', '', '(800) 951-6088 Fax: (828) 926-4290', 'Counties ServedHaywood Buncombe Transylvania Jackson Madison Macon ( NC ) Oconee ( SC ) Rabun ( GA )', '26241', ':	 Last Wednesday', '	 Third Saturday in August', 'Number of employees:	 67', 'Miles of line:	 2925', '', '', '', '37'),
('90', 'Jones-Onslow Electric Membership Corporation', '', '259 Western Boulevard Jacksonville NC 28546', 'www.joemc.com', '', '', '(910) 353-1940 (800) 682-1515 Fax: (910) 353-8000', 'Counties Served:	 Lenoir Jones Onslow Duplin Pender Craven', '69206', ':	 Fourth Tuesday', '	 Last Friday in March', 'Number of employees:	 155', 'Miles of line:	 2359', '', '', '', '37'),
('91', 'Lumbee River Electric Membership Corporation', '', '605 East Fourth Ave. Red Springs NC 28377-0830', 'www.lumbeeriver.com', 'P.O. Box 830 Red Springs NC 28377-0830', '', '(800) 683-5571 (910) 843-4131 Fax: (910) 843-2079', 'Counties Served:	 Hoke Cumberland Robeson Scotland', '52795', ':	 Third Tuesday', '	 October', 'Number of employees:	 113', 'Miles of line:	 5431', '', '', '', '37'),
('92', 'Pee Dee Electric Membership Corporation', '', '575 Hwy. 52 South Wadesboro NC 28170', 'www.pdemc.com', '', '', '(800) 992-1626 (704) 694-2114 Fax: (704) 694-9636', 'Counties Served:	 Anson Richmond Montgomery Scotland Moore Stanly Union', '20861', ':	 Second Thursday', '	 First Thursday in October', '64', 'Miles of line:	 3088', '', '', '', '37'),
('93', 'Piedmont Electric Membership Corporation', '', '2500 NC 86 S. Hillsborough NC 27278-1179', 'www.pemc.org', '', '', '(800) 222-3107 (919) 732-2123 Fax: (919) 644-1030', 'Counties Served:	 Alamance Caswell Durham Granville Orange Person', '31183', ':	 Third Saturday', '	 Third Friday in April', 'Number of employees:	 103', 'Miles of line:	 2480', '', '', '', '37'),
('94', 'Pitt & Greene Electric Membership Corporation', '', '', 'www.pgemc.com', 'P.O. Box 249 Farmville NC 27828-0249', '', '(800) 622-1362 (252) 753-3128 Fax: (252) 753-3136', 'Counties Served:	 Pitt Greene Lenoir Wayne Wilson Edgecombe', '6677', ':	 Fourth Thursday', '	 First Thursday in November', 'Number of employees:	 29', 'Miles of line:	 1072', '', '', '', '37'),
('95', 'Randolph Electric Membership Corporation', '', '879 McDowell Rd. Asheboro NC 27205', 'www.randolphemc.com', 'P.O. Box 40 Asheboro 27204-0040', '', '(800) 672-8212  (336) 625-5177 Fax: (336) 626-1551', 'Counties Served:	 Randolph Alamance Chatham Montgomery Moore', '31195', ':	 Fourth Monday night', '	 June', 'Number of employees:	 83', 'Miles of line:	 4162', '', '', '', '37'),
('96', 'Roanoke Electric Cooperative', '', '518 NC 561 West Aulander N.C. 27805', 'www.roanokeelectric.com', 'P.O. Drawer 1326  Ahoskie NC 27910', '', '(800) 433-2236 (252) 539-2236 Fax: (252) 539-3021', 'Counties Served:	 Hertford Bertie Gates Northampton Halifax Chowan Perquimans', '16087', ':	 Fourth Monday', '	 Fourth Saturday in August', 'Number of employees:	 62', 'Miles of line:	 1642', '', '', 'http://www.roanokeelectric.com/documents/servicerules_bylaws.pdf', '37'),
('97', 'Rutherford Electric Membership Corporation', '', '186 Hudlow Rd. Forest City NC 28043-1569', 'www.remc.com', 'P.O. Box 1569 Forest City NC 28043-1569', '', '(800) 521-0920 (828) 245-1621 Fax: (828) 248-2319', 'Counties Served:	 Rutherford McDowell Polk Cleveland Burke Caldwell Catawba Lincoln Gaston Mitchell', '67813', ':	 Fourth Tuesday', '	 Last Saturday in October', 'Number of employees:	 175', 'Miles of line:	 7144', '', '', '', '37'),
('98', 'South River Electric Membership Corporation', '', '17494 U.S. 421 S. Dunn NC 28334', 'www.sremc.com', '', '', '(800) 338-5530 (910) 892-8071 Fax: (910) 891-7189', 'Counties Served:	 Harnett Cumberland Sampson Bladen Johnston', '40865', ':	 First Monday night', '	 Second Thursday in April', 'Number of employees:	 104', 'Miles of line:	 5420', '', '', '', '37'),
('99', 'Surry-Yadkin Electric Membership Corporation', '', '510 South Main St.', 'www.syemc.com', 'P.O. Box 305 Dobson NC 27017-0305', '', '(800) 682-5903  (336) 356-8241 Fax: (356) 356-9744', 'Counties Served:	 Wilkes Surry Yadkin Stokes Forsyth', '26962', ':	 Fourth Wednesday', '	 First Saturday in October', 'Number of employees:	 62', 'Miles of line:	 3872', '', '', '', '37'),
('100', 'Tideland Electric Membership Corporation', '', '25831 Hwy. 264 E.', 'www.tidelandemc.com', 'P.O. Box 159 Pantego NC 27860', '', '(800) 637-1079 (252) 943-3046 Fax: (252) 943-3510', 'Counties Served:	 Beaufort Craven Dare Hyde Pamlico Washington', '2243', ':	 Fourth Thursday', '	 Second Friday in May', 'Number of employees:	 66', 'Miles of line:	 2538', '', '', '', '37'),
('101', 'Tri-County Electric Membership Corporation', '', '4255 Alt. U.S. Hwy. 117 S.', 'www.tcemc.com', 'P.O. Box 130 Dudley NC 28333-0130', '', '(800) 548-4869 (919) 735-2611 Fax: (919) 734-6277', 'Counties Served:	 Wayne Duplin Lenoir Johnston Jones Sampson Wilson', '24025', ':	 Last Thursday night of each month', '	 Second Saturday in November', 'Number of employees:	 46', 'Miles of line:	 2527', '', '', '', '37'),
('102', 'Union Power Cooperative', '', '1525 Rocky River Rd. N. Monroe NC 28110', 'www.union-power.com', 'P.O. Box 5014 Monroe NC 28111-5014', '', '(800) 922-6840 (Monroe) (704) 289-3145 Fax: (704) 296-0408', 'Counties Served:	 Mecklenburg Union Cabarrus Rowan Stanly', '68778', ':	 Second Saturday in February April June August October & December', '	 October', 'Number of employees:	 122', 'Miles of line:	 5693', '', '', '', '37'),
('103', 'Wake Electric Membership Corporation', '', '414 East Wait Ave. Wake Forest NC', 'www.wemc.com', 'P.O. Box 1229  Wake Forest NC 27588-1229', '', '(800) 474-6300 (919) 863-6300 Fax: (919) 863-6379', 'Counties Served:	 Granville Vance Durham Wake Johnston Nash Franklin', '375', 'Fourth Tuesday', '	 Fourth Friday in March', 'Number of employees:	 43', 'Miles of line:  3145', '', '', '', '37'),
('104', ' Aiken Electric Cooperative', '', '2790 Wagener Road', 'http://www.aikenco-op.org ', 'P.O. Box 417 Aiken SC 29802-0417', '', '803-649-6245', 'Aiken Barnwell Calhoun Edgefield Greenwood Lexington McCormick Orangeburg and Saluda.', '', '', '', '', '', '', '', '', '45'),
('105', ' Berkeley Electric Cooperative', '', '414 Highway 52 North', 'http://www.becsc.com/ ', 'P.O. Box 1234 Moncks Corner SC 29461-1234', '', '843-761-8200', 'Berkeley Charleston and Dorchester', '', '', '', '', '', '', '', '', '45'),
('106', ' Black River Electric Cooperative', '', '1121 North Pike Road West', 'http://www.blackriver.coop ', 'P.O. Box 130 Sumter SC 29151-0130', '', '803-469-8060', 'Clarendon Kershaw Lee Sumter', '', '', '', '', '', '', '', '', '45'),
('107', 'Blue Ridge Electric Cooperative', '', '734 West Main Street', 'http://www.blueridge.coop/ ', 'P.O. Box 277 Pickens SC 29671', '', '864-878-6326', 'Anderson Greenville Oconee Pickens and Spartanburg', '', '', '', '', '', '', '', '', '45'),
('108', ' Broad River Electric Cooperative', '', '811 Hamrick Street', 'http://www.broadriverelectric.com ', 'P.O. Box 2269 Gaffney SC 29342', '', '864-489-5737 (Cherokee) 864-674-6123 (Union)', 'Cherokee Newberry Spartanburg and Union S.C.; Cleveland Polk and Rutherfordton N.C.', '', '', '', '', '', '', '', '', '45'),
('109', ' Coastal Electric Cooperative', '', '2269 Jefferies Highway Walterboro SC 29488', 'http://www.coastal.coop ', '', '', '843-538-5700', 'Bamberg Colleton Dorchester', '', '', '', '', '', '', '', '', '45'),
('110', ' Edisto Electric Cooperative', '', 'Calhoun Street Bamberg SC 29003', 'http://www.edistoelectric.com ', 'P.O. Box 547 Bamberg SC 29003', '', '803-245-5141', 'Allendale Bamberg Barnwell Colleton Dorchester Hampton and Orangeburg', '', '', '', '', '', '', '', '', '45'),
('111', ' Fairfield Electric Cooperative', '', '701 Blythewood Road Blythewood SC 29016', 'http://fairfield.coop/ ', 'P.O. Box 2500 Blythewood SC 29016', '', '803-754-0153', 'Fairfield Chester Kershaw Richland and York', '', '', '', '', '', '', '', '', '45'),
('112', ' Horry Electric Cooperative', '', '2774 Cultra Road', 'http://www.horryelectric.com ', 'P.O. Box 119 Conway SC 29528-0119', '', '843-369-2211', 'Horry', '', '', '', '', '', '', '', '', '45'),
('113', ' Laurens Electric Cooperative', '', 'Highway 14', 'http://www.laurenselectric.com ', 'P.O. Box 700 Laurens SC 29360', '', '864-682-3141', 'Abbeville Anderson Greenville Laurens Newberry Spartanburg Union', '', '', '', '', '', '', '', '', '45'),
('114', ' Little River Electric Cooperative', '', '300 Cambridge Street', 'http://www.lreci.coop/ ', 'P.O. Box 220 Abbeville SC 29620', '', '864-366-2141 or 800-459-2141', 'Abbeville Anderson Greenwood McCormick', '', '', '', '', '', '', '', '', '45'),
('115', ' Lynches River Electric Cooperative', '', '1104 West McGregor Street', 'http://www.lynchesriver.com ', 'P.O. Box 308 Pageland SC 29728', '', '843-672-6111', 'Chesterfield Kershaw Lancaster', '', '', '', '', '', '', '', '', '45'),
('116', ' Marlboro Electric Cooperative', '', 'Highway 15-401 By-pass', 'http://web.marlboroelectric.net/ ', 'P.O. Drawer 1057 Bennettsville SC 29512', '', '843-479-3855', 'Marlboro Dillon', '', '', '', '', '', '', '', '', '45'),
('117', ' Mid-Carolina Electric Cooperative', '', '254 Longs Pond Road', 'http://www.mcecoop.com/ ', 'P.O. Box 669 Lexington SC 29071', '', '803-749-6555 or 888-813-9000 in S.C.', 'Aiken Lexington Newberry Richland Saluda', '', '', '', '', '', '', '', '', '45'),
('118', ' Newberry Electric Cooperative', '', 'By-Pass 882 Wilson Road', 'http://www.nec.coop ', 'P.O. Box 477 Newberry SC 29108', '', '803-276-1121', 'Fairfield Laurens Lexington Newberry', '', '', '', '', '', '', '', '', '45'),
('119', ' Palmetto Electric Cooperative', '', '4063 Grays Highway', 'http://www.palmetto.coop ', 'P.O. Box 820 Ridgeland SC 29936-0820', '', '843-726-5551', 'Allendale Beaufort Hampton Jasper', '', '', '', '', '', '', '', 'http://www.palmetto.coop/Annual/bylawAmendments.pdf', '45'),
('120', ' Pee Dee Electric Cooperative', '', '1355 E McIver Road Darlington SC 29532', 'http://www.peedeeelectric.com/ ', 'P.O. Box 491 Darlington SC 29540', '', '843-665-4070', 'Chesterfield Darlington Dillon Florence Lee Marion', '', '', '', '', '', '', '', '', '45'),
('121', ' Santee Electric Cooperative', '', 'Highway 52', 'http://www.santee.org/ ', 'P.O. Box 548 Kingstree SC 29556', '', '843-355-6187', 'Clarendon Florence Georgetown Williamsburg', '', '', '', '', '', '', '', '', '45'),
('122', ' Tri-County Electric Cooperative ', '', 'Highway 176', 'http://www.tri-countyelectric.net/ ', 'P.O. Box 217 St. Matthews SC 29135-0217', '', '803-874-1215', 'Calhoun Kershaw Lexington Orangeburg Richland Sumter', '', '', '', '', '', '', '', '', '45'),
('123', ' York Electric Cooperative', '', '1385 East Alexander Love Highway', 'http://www.yorkelectric.net ', 'P.O. Box 150 York SC 29745', '', '803-684-4247', 'Cherokee Chester Lancaster York', '', '', '', '', '', '', '', '', '45'),
('124', ' Central Electric Power Cooperative', '', '121 Greystone Boulevard', 'http://www.cepci.org ', 'P.O. Box 1455 Columbia SC 29202', '', '803-779-4975', 'Central is a generation and transmission cooperative (G&T) that is a wholesale power supplier to 16 cooperatives. It does not serve retail consumers.', '', '', '', '', '', '', '', '', '45'),
('125', ' New Horizon Electric Cooperative ', '', 'Highway 14', 'http://www.newhorizonelectric.com/scripts/home.htm ', 'P.O. Box 1169 Laurens SC 29360', '', '864-682-3159', 'New Horizon is a generation and transmission (G&T) cooperative that is a wholesale power provider to five distribution cooperatives. It does not serve retail customers.', '', '', '', '', '', '', '', '', '45'),
('126', ' Cooperative Electric Energy Utility Supply (CEE-US)', '', '101 Enterprise Parkway West Columbia SC 29170-2249', 'http://www.ceeus.com ', 'P.O. Box 3269 West Columbia SC 29171-3269', '', '803-822-8100', 'CEE-US is a material supply cooperative from which other cooperatives purchase electric system construction materials such as wire poles and transformers.', '', '', '', '', '', '', '', '', '45'),
('127', 'Appalachian Electric Cooperative', '', '1109 Hill Drive New Market TN 37820', 'http://www.aecoop.org', '', '', ' Phone: (865) 475-2032 - Fax: (865) 475-0888', 'APPALACHIAN EC serves Jefferson Hamblen Grainger and Sevier counties.', '', '', '', '', '', '', '', '', '47'),
('128', 'Caney Fork Electric Cooperative Inc.', '', '920 Smithville Highway McMinnville TN 37110', 'http://www.caneyforkec.com', '', '', ' Phone: (931) 473-3116 - Fax: (931) 473-4939', 'CANEY FORK EC serves Warren White DeKalb Van Buren Cannon Coffee Grundy and Putnam counties.', '', '', '', '', '', '', '', '', '47'),
('129', 'Chickasaw Electric Cooperative', '', 'P.O. Box 459 - 17970 Hwy. 64 Somerville TN 38068-0449', 'http://www.chickasaw.coop', '', '', ' Telephone: 901/465-3591 - FAX: 901/465-5392', 'CHICKASAW EC serves parts of Fayette Hardeman and Haywood counties in Tennessee and Marshall County Mississippi.', '', '', '', '', '', '', '', '', '47'),
('130', 'Cumberland Electric Membership Corporation', '', '1940 Madison Street Clarksville TN 37043', 'http://www.cemc.org', '', '', ' Phone: (931) 645-2481 - Fax: (931) 552-4730', 'CUMBERLAND EMC serves Cheatham Montgomery Robertson Stewart and Sumner counties in Middle Tennessee.', '', '', '', '', '', '', '', '', '47'),
('131', 'Duck River Electric Membership Corporation', '', '1411 Madison Street Shelbyville TN 37160', 'http://www.dremc.com', '', '', ' Phone: (931) 684-4621 - Fax: (931) 685-0013', 'DUCK RIVER EMC serves Coffee Franklin Bedford Moore Rutherford Lincoln Marshall Giles and Maury counties.', '', '', '', '', '', '', '', 'http://www.dremc.com/Files/bylaws.pdf', '47'),
('132', 'Fayetteville Public Utilities', '', '408 West College Street Fayetteville TN 37334', 'http://www.fayelectric.com', '', '', ' Phone: (931) 433-1522 - Fax: (931) 433-0646', 'FAYETTEVILLE TN ES serves Lincoln Giles Marshall and Franklin counties', '', '', '', '', '', '', '', '', '47'),
('133', 'Forked Deer Electric Cooperative', '', 'P.O. Box 67 - Highway 51 North Halls TN 38040-0067', 'http://www.forkeddeer.com/index.htm', '', '', ' Telephone: 731/836-7508 - FAX: 731/836-5070 - DYER CO. 731/285-7500', 'FORKED DEER EC serves Dyer Lauderdale Crockett and Haywood counties.', '', '', '', '', '', '', '', '', '47'),
('134', 'Fort Loudoun Electric Cooperative', '', 'P.O. Box 307 - 400 College Street Madisonville TN 37354-0307', 'http://www.flec.org', '', '', ' Telephone: 423/442-2487 - FAX: 423/442-6689', 'FORT LOUDOUN EC serves Blount Loudon and Monroe counties.', '', '', '', '', '', '', '', '', '47'),
('135', 'Gibson Electric Membership Corporation', '', 'Drawer 47 - 1207 South College Street Trenton TN 38382-0047', 'http://www.gibsonemc.com', '', '', ' Telephone: 901/855-4740 - FAX: 901/855-3944', 'GIBSON EMC serves Gibson Crockett Obion Lake Dyer Madison and Haywood counties.', '', '', '', '', '', '', '', '', '47'),
('136', 'Holston Electric Cooperative', '', '1200 West Main Street Rogersville TN 37857', 'http://www.holstonelectric.com', '', '', ' Phone: (423) 272-8821 - Fax: (423) 272-6051', 'HOLSTON EC serves Hawkins and Hamblin counties.', '', '', '', '', '', '', '', '', '47'),
('137', 'Meriwether Lewis Electric Cooperative', '', '114 North Central Avenue Centerville TN 37033', 'http://www.mlec.com', '', '', ' Phone: (931) 729-3558 - Fax: (931) 729-2267', 'MERIWETHER LEWIS EC serves Hickman Lewis Perry Humphreys and Houston counties.', '', '', '', '', '', '', '', '', '47'),
('138', 'Middle Tennessee Electric Membership Corporation', '', '555 New Salem Road Murfreesboro TN 37129', 'http://www.mtemc.com', '', '', ' Phone: (615) 890-9762 - Fax: (615) 849-2170', 'MIDDLE TN EMC serves Rutherford Cannon Wilson and Williamson counties.', '', '', '', '', '', '', '', '', '47'),
('139', 'Mountain Electric Cooperative Inc.', '', '604 South Church Street Mountain City TN 37683', 'http://www.mountainelectric.com', '', '', ' Phone: (423) 727-1800 - Fax: (423) 727-1822', 'MOUNTAIN EC serves Johnson Unicoi and Carter counties TN - Avery Watauga and Burke counties NC.', '', '', '', '', '', '', '', '', '47'),
('140', 'North Georgia Electric Membership Corporation', '', 'P.O. Box 1407 - 1850 Cleveland Road Dalton GA 30722-1407', 'http://www.ngemc.com', '', '', ' Telephone: 706/259-9441 - FAX: 706/259-9625', 'NORTH GEORGIA EMC serves Catoosa Floyd Gordon Murray Chattooga Walker and Whitfield counties.', '', '', '', '', '', '', '', '', '47'),
('141', 'Pickwick Electric Cooperative', '', '530 Mulberry Street Selmer TN 38375', 'http://www.pickwick-electric.com', '', '', ' Phone: (731) 645-3411 - Fax: (731) 645-7167', 'PICKWICK EC serves McNairy County and parts of Chester Hardin and Hardeman counties.', '', '', '', '', '', '', '', '', '47'),
('142', 'Plateau Electric Cooperative', '', '16200 Scott Hwy. Oneida TN 37841', 'http://www.plateauelectric.com', '', '', ' Phone: (423) 569-8591 - Fax: (423) 569-6005', 'PLATEAU EC serves Scott County and part of Morgan County.', '', '', '', '', '', '', '', '', '47'),
('143', 'Powell Valley Electric Cooperative', '', '325 Straight Creek Road New Tazewell TN 37824', 'http://www.pve.coop', '', '', ' Phone: (423) 626-5204 - Fax: (423) 626-0711', 'POWELL VALLEY EC serves Scott Lee and Wise counties in VA - and Claiborne Hancock Hawkins Grainger and Union counties in TN.', '', '', '', '', '', '', '', '', '47'),
('144', 'Sequachee Valley Electric Cooperative', '', '512 South Cedar Avenue South Pittsburg TN 37380', 'http://www.svalleyec.com', '', '', ' Phone: (423) 837-8605 - Fax: (423) 837-1768', 'SEQUACHEE VALLEY EC serves Marion Grundy Sequatchie and Bledsoe counties and part of the surrounding counties.', '', '', '', '', '', '', '', '', '47'),
('145', 'Southwest Tennessee Electric Membership Corporation', '', '1009 East Main Street Brownsville TN 38012', 'http://www.stemc.com', '', '', ' Phone: (731) 772-1322 - Fax: (731) 772-1037', 'SOUTHWEST TN EMC serves Haywood Madison Tipton Chester Fayette Henderson Hardeman Lauderdale and Crockett counties.', '', '', '', '', '', '', '', '', '47'),
('146', 'Tennessee Valley Electric Cooperative', '', '515 Florence Road Savannah TN 38372', 'http://www.tennesseevalleyec.com', '', '', ' Phone: (731) 925-4916 - Fax: (731) 925-4919', 'TENNESSEE VALLEY EC serves Hardin County east of the Tennessee River and all of Wayne County.', '', '', '', '', '', '', '', '', '47'),
('147', 'Tri-County Electric Membership Corporation', '', '405 College Street Lafayette TN 37083', 'http://www.tcemc.org', '', '', ' Phone: (615) 666-2111 - Fax: (615) 688-2141', 'TRI-COUNTY EMC serves Clay Macon and Trousdale counties in Tennessee - Allen Cumberland and Monroe counties in Kentucky - and surrounding areas.', '', '', '', '', '', '', '', '', '47'),
('148', 'Tri-State Electric Membership Corporation', '', 'P. O. Box 68 - Highway #5 McCaysville GA 30555-0068', 'http://www.tsemc.net', '', '', ' Telephone: 706/492-3251 - FAX: 706/492-7617', 'TRI-STATE EMC serves Fannin County in Georgia - Polk County Tennessee and Cherokee County North Carolina', '', '', '', '', '', '', '', '', '47'),
('149', 'Upper Cumberland Electric Membership Corporation', '', '138 Gordonsville Highway S Carthage TN 37030', 'http://www.ucemc.com', '', '', ' Phone: (615) 735-2909 - Fax: (615) 735-9818', 'UPPER CUMBERLAND EMC serves Jackson Overton Putnam Smith Dekalb Clay and Pickett counties.', '', '', '', '', '', '', '', '', '47'),
('150', 'Volunteer Energy Cooperative', '', 'P.O. Box 277 - Highway 58 North Decatur TN 37322-0277', 'http://vec.org/', '', '', ' Telephone: 423/334-5721 - FAX: Ext. 274', 'VOLUNTEER EC serves Polk Bradley Hamilton McMinn Meigs Bledsoe Rhea Roane Pickett Loudon Cumberland Fentress White Overton Putnam Morgan and Scott counties.', '', '', '', '', '', '', '', '', '47'),
('151', 'shelby energy cooperative', '', '', 'http://www.shelbyenergy.com/', '', '', '', '', '', '', '', '', '', '', '', '', '47'),
('152', ' Escambia River Electric Cooperative', '', '3425 Hwy 4 Jay Florida 32565', 'http://www.erec.com ', 'PO Box 428 Jay Florida 32565', 'sabrina@erec.com', ' (850) 675-4521', '', '', '', '', '', '', '', '', '', '12'),
('153', ' Choctawhatchee Electric Cooperative', '', '', 'http://www.chelco.com ', 'P.O. Box 512 DeFuniak Springs Florida 32435', '', 'Toll Free: (800) 342-0990 /  Local: (850) 892-2111 ', '', '', '', '', '', '', '', '', '', '12'),
('154', ' West Florida Electric Cooperative', '', '805 St. John’s Road Bonifay FL 32425', 'http://www.westflorida.coop/ ', '', 'website@westflorida.coop', '850-547-9325', '', '', '', '', '', '', '', '', '', '12'),
('155', ' Gulf Coast Electric Cooperative', '', '9434 Highway 77 Southport FL 32409', 'http://www.gcec.com/ ', 'P. O. Box 8370 Southport FL 32409', '', '(850) 265-3631', '', '', '', '', '', '', '', '', '', '12'),
('156', ' Talquin Electric Cooperative', '', '1640 W. Jefferson St. Quincy FL. 32351', 'http://www.talquinelectric.com/ ', '', 'memberfeedback@talquinelectric.com', '850-627-7651', '', '', '', '', '', '', '', '', 'http://www.talquinelectric.com/documents/BYLAWSAPPROVEDAT9-27-08ANNUALMEETING_000.pdf', '12'),
('157', ' Tri-County Electric Cooperative', '', '2862 West Highway 90 MADISON FLORIDA 32340', 'http://www.tcec.com/ ', '', '', '850-973-2285  ', '', '', '', '', '', '', '', '', 'http://www.tcec.com/Documents/BYLAWS2012.pdf', '12'),
('158', ' Suwannee Valley Electric Cooperative', '', '11340 100th Street Live Oak FL 32060', 'http://www.svec-coop.com/ ', 'PO Box 160 Live Oak FL 32064', '', '(386) 362-2226', '', '', '', '', '', '', '', '', '', '12'),
('159', ' Okefenoke Electric Cooperative', '', '14384 Cleveland St. Nahunta GA 31553', 'http://www.oremc.com/ ', 'P.O. Box 602 Nahunta GA 31553', '', '(912) 462-5131 ', '', '', '', '', '', '', '', '', '', '12'),
('160', ' Clay Electric Cooperative', '', '10 Citrus Drive Keystone Heights FL 32656-0308', 'http://clayelectric.com/ ', 'P.O. Box 308 Keystone Heights FL 32656-0308', '', '(352) 473-4917', '', '', '', '', '', '', '', '', '', '12'),
('161', ' Central Florida Electric Cooperative', '', '', 'http://www.cfec.com/ ', 'PO Box 9 Chiefland FL 32644', '', '1-800-227-1302', '', '', '', '', '', '', '', '', '', '12'),
('162', ' Sumter Electric Cooperative', '', '330 South Hwy 301 Sumterville FL 33585-030', 'http://www.secoenergy.com/ ', '', 'carter.maysilles@secoenergy.com', '352-793-3801', '', '', '', '', '', '', '', '', '', '12'),
('163', ' Withlacoochee Electric Cooperative', '', '14651 21st St Dade City FL 33523', 'http://www.wrec.net/ ', '', '', '(352) 567-5133', '', '', '', '', '', '', '', '', '', '12'),
('164', ' Peace River Electric Cooperative', '', '210 Metheny Road Wauchula Florida 33873', 'http://www.preco.org/ ', 'PO Box 1310 Wauchula Florida 33873', '', '1-800-282-3824', '', '', '', '', '', '', '', '', '', '12'),
('165', ' Glades Electric Cooperative', '', '26733 US Hwy 27 East/P.O. Box 519 Moore Haven FL 33471', 'http://www.gladesec.com/ ', '', '', '800-226-4024 or 863-946-6200', '', '', '', '', '', '', '', '', '', '12'),
('166', ' Florida Keys Electric Cooperative ', '', '91630 Overseas Hwy Tavernier FL 33070', 'http://www.fkec.com/ ', 'P.O. Box 377 Tavernier FL 33070', '', ' 305-852-2431', '', '', '', '', '', '', '', '', '', '12'),
('167', ' PowerSouth Energy Cooperative', '', '2027 East Three Notch Street Andalusia AL 36421', 'http://www.powersouth.com ', 'PO Box 550 Andalusia AL 36420 ', 'info@powersouth.com', '(334) 427-3000', '', '', '', '', '', '', '', '', '', '12'),
('168', ' Seminole Electric Cooperative', '', '16313 North Dale Mabry Highway Tampa Florida 33618', 'http://www.seminole-electric.com/ ', 'Post Office Box 272000 Tampa Florida 33618', 'info@seminole-electric.com', '(813) 963-0994', '', '', '', '', '', '', '', '', '', '12'),
('169', ' Alcorn County Electric', '', '1909 S Tate Street Corinth MS 38834', 'http://www.ace-power.com ', '', 'customerservice@ace-power.com', '(662) 287-4402', '', '', '', '', '', '', '', '', '', '28'),
('170', ' Central', '', '', 'http://www.centralepa.com/ ', '', '', 'LOCAL: 601-267-5671  TOLL FREE: 1-866-846-5671', 'ATTALA COUNTY KEMPER COUNTYLEAKE COUNTYNESHOBA COUNTYNEWTON COUNTYRANKIN COUNTYSCOTT COUNTY', '', '', '', '', '', '', '', '', '28'),
('171', ' Coahoma', '', '340 Hopson St. Lyon MS 38645', 'http://www.coahomaepa.com/ ', '', '', '(662) 624-8321', '', '', '', '', '', '', '', '', '', '28'),
('172', ' Coast', '', '18020 Hwy. 603 Kiln MS 39556', 'http://www.coastepa.com ', ' PO Box 1028 Kiln MS 39556. ', '', '228-363-7000 or 877-769-2372', '', '', '', '', '', '', '', '', '', '28'),
('173', ' Delta', '', '1700 Highway 82 Greenwood MS 38930', 'http://www.deltaepa.com ', '', '', '(662)453-6352', 'Attala Bolivar Carroll Choctaw Grenada Holmes Humphreys Leflore Montgomery Sunflower Tallahatchie Washington and Webster', '', '', '', '', '', '', '', '', '28'),
('174', ' Dixie', '', '1863 HIGHWAY 184 LAUREL MS 39443', 'http://www.dixieepa.com/ ', 'P.O. BOX 88  LAUREL MS 39441', 'dixieelectric@dixieepa.com', '(601) 425-2535 PHONE', '', '', '', '', '', '', '', '', '', '28'),
('175', ' East Miss.', '', '2128 Highway 39 North Meridian MS 39302', 'http://www.emepa.com ', 'P. O. Box 5517  Meridian MS 39302', '', '601-581-8600', '', '', '', '', '', '', '', '', '', '28'),
('176', ' 4-County', '', '5265 S. Frontage Rd. Columbus MS 39701', 'http://www.4county.org ', '', 'support@4county.org', 'Phone: (662) 327-8900', '', '', '', '', '', '', '', '', '', '28'),
('177', ' Magnolia', '', '3012 Highway 98 E. McComb MS 39648', 'http://www.magnoliaepa.com ', 'PO Box 747 McComb MS 39649 ', 'magepa@magnoliaepa.com', '(601) 684-4011', '', '', '', '', '', '', '', '', '', '28'),
('178', ' Monroe County', '', '601 North Main Street P.O. Box 300 Amory MS 38821', 'http://monroecountyelectric.com/ ', 'P.O. Box 300  Amory MS 38821', '', '(662) 256-2962 (662) 256-7196 (866) 656-2962 Toll Free', '', '', '', '', '', '', '', '', '', '28'),
('179', ' Natchez Trace', '', '555 East Madison Houston Mississippi 38851', 'http://www.ntepa.com ', 'P.O. Box 609 Houston Mississippi 388516', '', '662-456-3037/fax 662-456-2086', '', '', '', '', '', '', '', '', '', '28'),
('180', ' North East Mississippi', '', 'North East MS EPA 10 PR 2050 Oxford MS 38655', 'http://www.northeastpower.org/mainNav/home.aspx ', 'North East MS EPA P.O. Box 1076 Oxford MS 38655', '', '662-234-6331', '', '', '', '', '', '', '', '', '', '28'),
('181', ' Northcentral', '', 'Northcentral EPA Complex 4600 Northcentral Way Olive Branch MS 38654', 'http://www.northcentralepa.com/ ', 'P.O. Box 405 Byhalia MS 38611', '', '662-895-2151', '', '', '', '', '', '', '', '', '', '28'),
('182', ' Pearl River Valley', '', '1422 Highway 13 North Columbia MS 39429', 'http://www.prvepa.com ', '', '', '601-736-2666', '', '', '', '', '', '', '', '', '', '28'),
('183', ' Pontotoc', '', 'Pontotoc Electric Power Association-Pontotoc Office 12 South Main Street Pontotoc MS 38863', 'http://www.pepa.com/ ', '', '', '662-489-3211', '', '', '', '', '', '', '', '', '', '28'),
('184', ' Prentiss County', '', 'Corporate Headquarters 302 W Church St Booneville MS 38829', 'http://www.pcepa.com/ ', 'P.O. Box 428  Booneville MS 38829', '', '(662) 728-4433 ', '', '', '', '', '', '', '', '', '', '28'),
('185', ' Singing River', '', '', 'http://www.singingriver.com ', '11187 Old 63 South P.O. Box 767  Lucedale Mississippi 39452 ', 'contactus@singingriver.com', '601-947-4211', '', '', '', '', '', '', '', '', '', '28'),
('186', ' Southern Pine', '', '110 RISHER STREET TAYLORSVILLE MS 39168', 'http://www.spepa.com ', 'P.O. BOX 60 TAYLORSVILLE MS 39168', '', '601-785-6511', '', '', '', '', '', '', '', '', '', '28'),
('187', ' Southwest MS', '', '18671 Highway 61 Lorman MS', 'http://www.southwestepa.com ', 'P. O. Box 5 - Lorman MS 39096', 'info@swepa.coop', '601-437-8736', '', '', '', '', '', '', '', '', '', '28'),
('188', ' Tallahatchie Valley', '', '250 POWER DRIVE BATESVILLE MISSISSIPPI 38606', 'http://www.tvepa.com ', '', 'mwilliams@tvepa.com', '662-563-4742', '', '', '', '', '', '', '', '', '', '28'),
('189', ' Tippah', '', '', 'http://www.tippahepa.com ', '', '', '662-837-8139 662-837-4777 662-837-1389', '', '', '', '', '', '', '', '', '', '28'),
('190', ' Tishomingo County', '', '205 Constitution Drive Iuka MS 38852', 'http://www.tcepa.com ', 'P.O. Box 560 Iuka MS 38852-0560', '', '662-423-3646', '', '', '', '', '', '', '', '', '', '28'),
('191', ' Tombigbee', '', '1346 AUBURN ROAD TUPELO MS', 'http://www.tombigbeeelectric.com/ ', 'P.O. DRAWER 1789        P.O. BOX 369 TUPELO MS 38802', 'wlong@tombigbeeelectric.com', '662-842-7635', '', '', '', '', '', '', '', '', '', '28'),
('192', ' Twin County Electric Power Association', '', '900 East Avenue North Hollandale MS 38748', 'http://www.twincoepa.com/ ', 'P.O. Box 158 Hollandale MS 38748', 'twperkins@twincoepa.com', '(662) 827-2262', '', '', '', '', '', '', '', '', '', '28'),
('193', ' Yazoo Valley', '', '', 'http://www.yazoovalley.com ', 'P.O. Box 8 2255 Gordon Avenue Yazoo City MS 39194', 'info@yazoovalley.com', '(662) 746-4251', '', '', '', '', '', '', '', '', '', '28'),
('194', ' South Mississippi EPA ', '', '7037 US HWY 49 Hattiesburg MS 39402', 'http://www.smepa.coop ', 'P.O. Box 15849 Hattiesburg MS 39404-5849', 'info@smepa.coop', '601-268-2083', '', '', '', '', '', '', '', '', '', '28'),
('195', ' Carroll Electric', '', '920 Hwy 62 Spur P.O. Box 4000 Berryville AR 72616-4000', 'http://www.carrollecc.com ', '', '', '(870) 423-2161', '', '', '', '', '', '', '', '', '', '5'),
('196', ' Petit Jean Electric', '', '', 'http://www.pjecc.com ', 'P.O. Box 37 270 Quality Drive Clinton AR 72031-0037', '', '(501) 745-2493', '', '', '', '', '', '', '', '', '', '5'),
('197', ' Ozarks Electric', '', '3641 Wedington DriveFayetteville AR 72704', 'http://www.ozarksecc.com ', '', '', '479-521-2900 or 1-800-521-6144.', '', '', '', '', '', '', '', '', '', '5'),
('198', ' Arkansas Valley Electric', '', '1811 W. Commercial St. Ozark AR', 'http://www.avecc.com/ ', 'P.O. Box 47 Ozark AR 72949', '', '1-800-468-2176 or (479) 667-2176', '', '', '', '', '', '', '', '', '', '5'),
('199', ' Rich Mountain Electric', '', '515 Janssen Ave. Mena AR 71953', 'http://www.rmec.com ', 'PO Box 897 Mena AR 71953', '', '479-394-4140 OR toll-free 1-877-828-4074', '', '', '', '', '', '', '', '', '', '5'),
('200', ' Southwest Arkansas Electric', '', '2904 E. 9th Street Texarkana AR 71854', 'http://www.swrea.com ', '2904 E. 9th Street Texarkana AR 71854', '', '(870) 772-2743  (870) 894-3329 (870) 642-2737(870) 845-1313', '', '', '', '', '', '', '', '', '', '5'),
('201', ' South Central Arkansas Electric', '', '1140 Main St Arkadelphia AR 71923', 'http://www.scaec.com ', 'South Central Arkansas Electric Coop PO Box 476 1140 Main Street Arkadelphia AR 71923', 'info@scaec.com', '(800) 814-2931', '', '', '', '', '', '', '', '', '', '5'),
('202', ' Ouachita Electric', '', '700 Bradley Ferry Road Camden AR 71711', 'http://www.oecc.com ', 'PO Box 877  Camden AR  71711', '', '877-252-4538', '', '', '', '', '', '', '', '', '', '5'),
('203', ' C&L Electric', '', '1586 S Rock Street Sheridan AR 72150', 'http://www.clelectric.com/ ', 'PO Box 233 Sheridan AR 72150', '', '870-942-2732', '', '', '', '', '', '', '', '', '', '5'),
('204', ' Ashley-Chicot Electric', '', '307 E Jefferson Street Hamburg AR 71646', 'http://www.ashley-chicot.com/ ', 'PO Box 431 Hamburg AR 71646', 'communications@ashley-chicot.com', '870-853-5212 or 800-281-5212', '', '', '', '', '', '', '', '', '', '5'),
('205', 'First Electric Cooperative', 'FECC', '1000 South JP Wright Loop Road Jacksonville AR 72076', 'http://www.firstelectric.coop/', '', 'tonya.everhart@fecc.coop.', '1-800-489-7405', 'Benton District includes portions of Garland Grant southern Pulaski and Saline counties. Heber Springs District includes portions of Cleburne Independence Stone and White counties. Jacksonville District includes portions of Faulkner Lonoke Prairie northern Pulaski and White counties. Perryville District includes portions of Conway Perry western Pulaski and Yell counties. Stuttgart District includes portions of Arkansas Jefferson Lonoke Monroe and Prairie counties.', '90472', '', '', '228', '9752', '', '6 years', 'http://www.205/pdfs/14june_bylaws_and_nondiscrimination_statement.pdf', '5'),
('206', 'Woodruff Electric Cooperative', '', '', 'http://www.woodruffelectric.com ', 'PO Box 1619 Forrest City AR 72336', '', '1-870-633-2262', '', '17000', '', '', '84', '4500', '', '', '', '5'),
('207', ' Farmers Electric', '', '', 'http://www.farmersecc.com/ ', '300 Highway 367 North P. O. Box 708 Newport Arkansas 72112-0708', '', 'Telephone: (870) 523-3691', '', '', '', '', '', '', '', '', '', '5'),
('208', ' North Arkansas Electric', '', '225 South Main Salem AR 72576', 'http://www.naeci.com ', 'PO Box 1000 Salem AR  72576', '', '(870) 895-3221', '', '', '', '', '', '', '', '', '', '5'),
('209', ' Craighead Electric', '', '477 Hwy 412 Walnut Ridge AR 72476-2813', 'http://www.craigheadelectric.coop/ ', 'P. O. Box 868  Walnut Ridge AR 72476-2813', '', '(870) 886-1616', '', '', '', '', '', '', '', '', '', '5'),
('210', ' Mississippi County Electric', '', '510 North Broadway Blytheville AR 72316', 'http://www.mceci.com ', 'P.O. Box 7  Blytheville AR 72316-0007', '', '', '', '', '', '', '', '', '', '', '', '5'),
('211', ' Clay County Electric', '', '300 North Missouri Ave Corning AR 72422', 'http://www.claycountyelectric.com ', '', '', '870-857-3521', '', '', '', '', '', '', '', '', '', '5'),
('212', 'Arab Electric Cooperative', '', '331 South Brindlee Mtn. Parkway Arab AL 35016', 'http://www.arab-electric.org/index-1.htm', 'P. O. Box 770 Arab AL 35016', 'arabelectric@otelco.net', '(256) 586-3196 • (866) 868-5032 ', '', '', '', '', '', '', '', '', '', '1'),
('213', 'Baldwin EMC', '', '19600 State Highway 59 Summerdale AL 36580', 'www.baldwinemc.com', 'P. O. Box 220 Summerdale AL 36580', '', '(251) 989-6247 • (800) 837-3374 ', '', '', '', '', '', '', '', '', '', '1'),
('214', 'Black Warrior EMC', '', '1410 Hwy. 43 South Demopolis AL 36732', 'www.blackwarrioremc.com', 'P. O. Box 779 Demopolis AL 36732', '', '(334) 289-0845 • (800) 242-2580 ', '', '', '', '', '', '', '', '', '', '1'),
('215', 'Central Alabama Electric Cooperative', 'CAEC', '1802 U. S. Highway 31 North • Prattville AL 36066', 'http://caec.coop/', 'P. O. Box 681570 • Prattville AL 36068', 'info@coop.caec.com', '(334) 365-6762 • (800) 545-5735 ', '"Autauga" "Elmore" "Coosa""Chilton""Tallapoosa" "Talladega" "Bibb" "Perry" "Dallas" "Lowndes"', '', '', '', '', '', '', '3 years', 'http://caec.coop/about-caec/caec-bylaws/', '1'),
('216', 'Cherokee Electric Cooperative', '', '1550 Chesnut ByPass • Centre AL 35960', 'www.cherokee-electric.org', 'P. O. Drawer O • Centre AL 35960', 'jballenger@powernet.org', '(256) 927-5524 • (800) 952-2667 ', '', '', '', '', '', '', '', '', '', '1'),
('217', 'Clarke-Washington EMC', '', '1307 College Avenue Jackson AL 36545', 'www.cwemc.com', 'P. O. Box 398 • Jackson AL 36545', '', '(251) 246-9081 • 1-800-323-9081 ', '', '', '', '', '', '', '', '', '', '1'),
('218', 'CoosaValley Electric Cooperative', '', '69220 AL Hwy 77 • Talladega AL 35160', ' www.coosavalleyec.com', 'P. O. Box 837 • Talladega AL 35161', 'info@coosavalleyec.com', '(256) 362-4180 • 1-800-273-7210 ', '', '', '', '', '', '', '', '', '', '1'),
('219', 'Covington Electric Cooperative', '', '18836 US 84 East Andalusia AL 36420', ' www.covington.coop', 'P. O. Box 1357 • Andalusia AL 36420', 'cec@covington.coop', '(334) 222-4121 • 1-800-239-4121 ', '', '', '', '', '', '', '', '', '', '1'),
('220', 'Cullman Electric Cooperative', '', '1749 Eva Road NE Cullman AL 35055', ' www.cullmanec.com', 'P. O. Box 1168 • Cullman AL 35056', 'info@cullmanec.com', '(256) 737-3200 • 1-800-242-1806 ', '', '', '', '', '', '', '', '', '', '1'),
('221', 'Dixie Electric Cooperative', '', '402 East Blackmon Street Union Springs AL 36089', ' www.dixieec.com', 'P. O. Box 30 Union Springs AL 36089', 'dixieec@dixieec.com', '(334) 738-2500 • 1-888-349-4332 ', '', '', '', '', '', '', '', '', '', '1'),
('222', 'Franklin Electric Cooperative', '', '225 West Franklin Street Russellville AL 35653', 'http://www.franklinrec.coop/', 'P. O. Box 10 Russellville AL 35653', 'smalone@fecoop.com', '(256) 332-2730 • 1-800-451-1505 • (256) 332-2753', '', '', '', '', '', '', '', '', '', '1'),
('223', 'Joe Wheeler EMC', '', '25700 Alabama Hwy. 24 Trinity AL 35673', 'www.jwemc.org', 'P. O. Box 460 Trinity AL 35673', '', '(256) 552-2300 • 1-800-239-6518 ', '', '', '', '', '', '', '', '', '', '1'),
('224', 'Marshall-DeKalb Electric Cooperative', '', '10025 Highway 168 Boaz AL 35957', 'www.mdec.org', 'P. O. Box 724 Boaz AL 35957', '', '(256) 593-4262 • 1-800-239-3692 ', '', '', '', '', '', '', '', '', '', '1'),
('225', 'North Alabama Electric Cooperative', '', '41103 U. S. Highway 72 Stevenson AL 35772', 'http://www.naecoop.com/', 'P. O. Box 628 Stevenson AL 35772', 'bpurdy@naecoop.com', '(256) 437-2281 • 1-800-572-2900 ', 'Webite without any kind of info', '', '', '', '', '', '', '', '', '1'),
('226', 'Pea River Electric Cooperative', '', '1311 West Roy Parker Road Ozark AL 36360', ' www.peariver.com', 'P. O. Box 969 Ozark AL 36361-0969', 'prec@peariver.com', '(334) 774-2545 • (800)264-7732 ', '', '', '', '', '', '', '', '', '', '1'),
('227', 'Pioneer Electric Cooperative Inc.', '', '300 Herbert Street Greenville AL 36037', 'www.pioneerelectric.com', 'P. O. Box 468 Greenville AL 36037', '', '(334) 382-6636 • 1-800-239-3092 ', 'The cooperative’s service area covers south central Alabama and include most of the rural areas of Butler Lowndes Dallas and Wilcox counties. The service area does extend into five other counties which include parts of Autauga Crenshaw Covington Conecuh and Monroe counties', '13500', '', '', '', '', '', '', 'http://pioneerelectric.coopwebbuilder.com/sites/pioneerelectric.coopwebbuilder.com/files/bylaws_update-2007-amended_10-17-2009_2.pdf', '1'),
('228', 'Sand Mountain Electric Cooperative', '', '402 Main Street West Rainsville AL 35986', ' www.smec.coop', 'P. O. Box 277 Rainsville AL 35986', 'smec@smec.coop', '(256) 638-2153 ', '', '', '', '', '', '', '', '', '', '1'),
('229', 'Altamaha EMC', '', '', 'http://www.altamahaemc.com', ' 611 West Liberty P.O. Box 346 Lyons GA 30436 ', '', '(912) 526-8181 ', 'Toombs Montgomery Emanuel Treutlen Laurens Johnson and Tattnall', '', '', '', '', '', '', '', '', '13'),
('230', 'Amicalola EMC', '', '', 'http://www.amicalolaemc.com', ' 544 Highway 515 South Jasper GA 30143 ', '', '(706) 253-5200 ', 'Bartow Cherokee Dawson Fannin Forsyth Gilmer Gordon Lumpkin Murray and Pickens', '', '', '', '', '', '', '', '', '13'),
('231', 'Blue Ridge Mountain EMC', '', '', 'http://www.brmemc.com', ' P.O. Box 9 1360 Main Street Young Harris GA 30582 ', '', '(706) 379-3121 ', 'Fannin Towns and Union in Georgia Cherokee and Clay in North Carolina', '', '', '', '', '', '', '', '', '13'),
('232', 'Canoochee EMC', '', '', 'http://www.canoocheeemc.com', ' P.O. Box 487 342 E. Brazell St. Reidsville GA 30453 ', '', '(912) 557-4391 ', 'Bryan Bulloch Chatham Emanuel Evans Liberty Long Tattnall and Toombs', '', '', '', '', '', '', '', '', '13'),
('233', 'Carroll EMC', '', '', 'http://www.cemc.com', ' 155 N. Highway 113 Carrollton GA 30117 ', '', '(770) 832-3552 ', 'Carroll Floyd Haralson Heard Paulding Polk and Troup', '', '', '', '', '', '', '', '', '13'),
('234', 'Central Georgia EMC', '', '', 'http://www.cgemc.com', ' 923 S. Mulberry St. Jackson GA 30233 ', '', '(770) 775-7857 ', 'Bibb Butts Clayton Fayette Henry Jasper Jones Lamar Monroe Morgan Newton Pike Putnam and Spalding', '', '', '', '', '', '', '', '', '13'),
('235', 'Coastal Electric Cooperative', '', '', 'http://www.coastalemc.com', ' P.O. Box 109 1265 South Coastal Hwy. Midway GA 31320-0109 ', '', '(912) 884-3311 ', 'Bryan Liberty Long and McIntosh', '', '', '', '', '', '', '', '', '13'),
('236', 'Cobb EMC', '', '', 'http://www.cobbemc.com', ' P.O. Box 369 Marietta GA 30061 ', '', '(770) 429-2100 ', 'Cobb Bartow Cherokee Fulton and Paulding counties in the north metro Atlanta area and Randolph Calhoun Quitman and Clay counties in Southwest Georgia.', '', '', '', '', '', '', '', '', '13'),
('237', 'Colquitt EMC', '', '', 'http://www.colquittemc.com', ' P.O. Box 3608 Rowland Drive Moultrie GA 31776 ', '', '(229) 985-3620 ', 'Berrien Brooks Colquitt Cook Lowndes Tift and Worth', '', '', '', '', '', '', '', '', '13'),
('238', 'Coweta-Fayette EMC', '', '', 'http://www.utility.org', ' 807 Collinsworth Road Palmetto GA 30268-9442 ', '', '(770) 502-0226 ', 'Clayton Coweta Fayette Fulton Heard Meriwether Spalding and Troup', '', '', '', '', '', '', '', '', '13'),
('239', 'Diverse Power', '', '', 'http://www.diversepower.com', ' P.O. Box 160 1400 South Davis Rd. LaGrange GA 30241 ', '', '(706) 845-2000 ', 'Calhoun Clay Harris Heard Meriwether Muscogee Randolph Quitman and Troup in Georgia', '', '', '', '', '', '', '', '', '13'),
('240', 'Excelsior EMC', '', '', 'http://www.excelsioremc.com', ' P.O. Box 297 986 SE Broad Street Metter GA 30439-0297 ', '', '(912) 685-2115 ', 'Bryan Bulloch Candler Effingham Emanuel Evans Jenkins and Tattnall', '', '', '', '', '', '', '', '', '13'),
('241', 'Flint Energies', '', '', 'http://www.flintenergies.com', ' P.O. Box 308 3 S. Macon St. Reynolds GA 31076-0308 ', '', '(478) 847-3415 ', 'Bibb Chattahoochee Crawford Dooly Harris Houston Macon Marion Monroe Muscogee Peach Schley Sumter Talbot Taylor Twiggs and Upson', '', '', '', '', '', '', '', '', '13'),
('242', 'Grady EMC', '', '', 'http://www.gradyemc.com', ' P.O. Box 270 1499 U.S. Highway 84 W Cairo GA 39828 ', '', '(229) 377-4182 ', 'Brooks Colquitt Decatur Grady Mitchell and Thomas', '', '', '', '', '', '', '', '', '13'),
('243', 'GreyStone Power Corporation', '', '', 'http://www.greystonepower.com', ' P.O. Box 897 4040 Bankhead Hwy. Douglasville GA 30133-0897 ', '', '(770) 942-6576 ', 'Bartow Carroll Cobb Coweta Douglas Fayette Fulton and Paulding', '', '', '', '', '', '', '', '', '13'),
('244', 'Habersham EMC', '', '', 'http://www.habershamemc.com', ' P.O. Box 25 6135 State Highway 115 Clarkesville GA 30523 ', '', '(706) 754-2114 ', 'Habersham White Rabun Stephens Lumpkin and Hall', '', '', '', '', '', '', '', '', '13'),
('245', 'Hart EMC', '', '', 'http://www.hartemc.com', ' P.O. Box 250 1071 Elberton Hwy. Hartwell GA 30643 ', '', '(706) 376-4714 ', 'Hart Franklin Stephens Elbert and Madison', '', '', '', '', '', '', '', '', '13'),
('246', 'Irwin EMC', '', '', 'http://www.irwinemc.com', ' P.O. Box 125 915 West 4th St. Ocilla GA 31774 ', '', '(229) 468-7415 ', 'Ben Hill Berrien Irwin Tift Turner and Wilcox', '', '', '', '', '', '', '', '', '13'),
('247', 'Jackson EMC', '', '', 'http://www.jacksonemc.com', ' P.O. Box 38 850 Commerce Hwy. Jefferson GA 30549 ', '', '(706) 367-5281 ', 'Banks Barrow Clarke Franklin Gwinnett Hall Jackson Lumpkin Madison and Oglethorpe', '', '', '', '', '', '', '', '', '13'),
('248', 'Jefferson Energy Cooperative', '', '', 'http://www.jec.coop', ' P.O. Box 457 3077 Highway 17 North Wrens GA 30833 ', '', '(706) 547-2167 ', 'Burke Columbia Emanuel Glascock Jefferson Jenkins Johnson McDuffie Richmond Warren and Washington', '', '', '', '', '', '', '', '', '13'),
('249', 'Little Ocmulgee EMC', '', '', 'http://www.littleocmulgeeemc.com', ' P.O. Box 150 26 West Railroad Street Alamo GA 30411 ', '', '(912) 568-7171 ', 'Wheeler Telfair parts of Laurens Dodge and Montgomery', '', '', '', '', '', '', '', '', '13'),
('250', 'Middle Georgia EMC', '', '', 'http://www.mgemc.com', ' P.O. Box 190 600 Tippettville Road Vienna GA 31092 ', '', '(800) 342-0144 ', 'Dooly Pulaski Wilcox Houston Turner and Macon', '', '', '', '', '', '', '', '', '13'),
('251', 'Mitchell EMC', '', '', 'http://www.mitchellemc.com', ' P.O. Box 409 475 Cairo Rd. Camilla GA 31730 ', '', '(229) 336-5221 ', 'Miller Baker Worth Dougherty Early Decatur Turner Mitchell Tift Thomas Calhoun Lee Colquitt and Grady', '', '', '', '', '', '', '', '', '13'),
('252', 'North Georgia EMC', '', '', 'http://www.ngemc.com', ' P.O. Box 1407 Dalton GA 30722-1407 ', '', '(706) 259-9625 Fax', 'Whitfield Murray Gordon Catoosa Chattooga Floyd and Walker', '', '', '', '', '', '', '', '', '13'),
('253', 'Ocmulgee EMC', '', '', 'http://www.ocmulgeeemc.com', ' P.O. Box 669 5722 Eastman St. Eastman GA 31023 ', '', '(478) 374-7001 ', 'Dodge Bleckley Pulaski Laurens and Telfair', '', '', '', '', '', '', '', '', '13'),
('254', 'Oconee EMC', '', '', 'http://www.oconeeemc.com', ' P.O. Box 37 3445 U.S. Highway 80 West Dudley GA 31022 ', '', '(478) 676-3777 ', 'Baldwin Bibb Bleckley Dodge Laurens Twiggs and Wilkinson', '', '', '', '', '', '', '', '', '13'),
('255', 'Okefenoke REMC', '', '', 'http://www.oremc.com', ' P.O. Box 602 147 E. Cleveland Nahunta GA 31553 ', '', '(912) 462-5131 ', 'Brantley Camden Charlton Glynn Ware and Wayne in Georgia', '', '', '', '', '', '', '', '', '13'),
('256', 'Diverse Power – Pataula District', '', '', ' http://www.diversepower.com', ' P.O. Box 289 413 Blakely Street Cuthbert GA 39840 ', '', '(229) 732-3171', '', '', '', '', '', '', '', '', '', '13'),
('257', 'Planters EMC', '', '', 'http://www.plantersemc.com', ' P.O. Box 979 1740 Highway 25 North Millen GA 30442-0979 ', '', '(478) 982-4722 ', 'Burke Jenkins Screven Bulloch Effingham Emanuel and Richmond', '', '', '', '', '', '', '', '', '13'),
('258', 'Rayle EMC', '', '', 'http://www.rayleemc.com', ' P.O. Box 1090 616 Lexington Ave. Washington GA 30673 ', '', '(706) 678-2116 ', 'Wilkes Lincoln Oglethorpe Greene Taliaferro and parts of Hancock Morgan Clarke Madison and Oconee', '', '', '', '', '', '', '', 'http://www.rayleemc.com/wp-content/uploads/RANL_0414.pdf', '13'),
('259', 'Satilla REMC', '', '', 'http://www.satillaemc.com', ' 928 GA Highway 32 E P.O. Box 906 Alma GA 31510 ', '', '(912) 632-7222 ', 'Appling Atkinson Bacon Ben Hill Brantley Coffee Irwin Jeff Davis Pierce Tattnall Ware and Wayne', '', '', '', '', '', '', '', '', '13'),
('260', 'Sawnee EMC', '', '', 'http://www.sawnee.com', ' 543 Atlanta Rd. Cumming GA 30040 P.O. Box 266 Cumming GA 30028 ', '', '(770) 887-2363 ', 'Forsyth Fulton Cherokee Hall Dawson Gwinnett and Lumpkin', '', '', '', '', '', '', '', '', '13'),
('261', 'Slash Pine EMC', '', '', 'http://www.slashpineemc.com', ' P.O. Box 356 794 West Dame Avenue Homerville GA 31634 ', '', '(912) 487-5201 ', 'Atkinson Clinch Lanier Echols Ware Berrien Lowndes and Charlton', '', '', '', '', '', '', '', '', '13'),
('262', 'Snapping Shoals EMC', '', '', 'http://www.ssemc.com', ' P.O. Box 509 Covington GA 30015 14750 Brown Bridge Rd. Covington GA 30016 ', '', '(770) 786-3484 ', 'Newton Rockdale Henry DeKalb Butts Walton Jasper and Morgan', '', '', '', '', '', '', '', '', '13'),
('263', 'Southern Rivers Energy', '', '', 'http://www.southernriversenergy.com', ' P.O. Box 40 1367 Hwy 341 South Barnesville GA 30204 ', '', '(770) 358-1383 ', 'Bibb Coweta Crawford Lamar Meriwether Monroe Pike Spalding and Upson', '', '', '', '', '', '', '', '', '13'),
('264', 'Sumter EMC', '', '', 'http://www.sumteremc.com', ' P.O. Box 1048 1120 Felder St. Americus GA 31709 ', '', '(229) 924-8041 ', 'Chattahoochee Sumter Webster Randolph Terrell Stewart Lee Marion Schley Quitman and Dougherty', '', '', '', '', '', '', '', '', '13'),
('265', 'Three Notch EMC', '', '', 'http://www.threenotchemc.com', ' P.O. Box 367 116 W. 2nd St. Donalsonville GA 39845 ', '', '(229) 524-5377 ', 'Decatur Early Miller Seminole Clay and Baker', '', '', '', '', '', '', '', '', '13'),
('266', 'Tri-County EMC', '', '', 'http://www.tri-countyemc.com', ' P.O. Box 487 310 W. Clinton St. Gray GA 31032 ', '', '(866) 254-8100 ', 'Baldwin Bibb Jasper Jones Morgan Putnam Twiggs and Wilkinson', '', '', '', '', '', '', '', '', '13'),
('267', 'Tri-State EMC', '', '', 'http://www.tsemc.net', ' P.O. Box 68 McCaysville GA 30555 2310 Blue Ridge Drive Blue Ridge GA 30513 ', '', '(706) 492-3251 ', 'Fannin County GA', '', '', '', '', '', '', '', '', '13'),
('268', 'Upson EMC', '', '', 'http://www.upsonemc.com', ' P.O. Box 31 607 E. Main St. Thomaston GA 30286 ', '', '(706) 647-5475 ', 'Upson Pike Talbot Meriwether Crawford and Taylor', '', '', '', '', '', '', '', '', '13'),
('269', 'Walton EMC', '', '', 'http://www.waltonemc.com', ' P.O. Box 260 842 U.S. Hwy. 78 NW Monroe GA 30655 ', '', '(770) 267-2505 ', 'Walton Gwinnett Greene DeKalb Oconee Newton Morgan Barrow Clarke and Rockdale', '', '', '', '', '', '', '', '', '13'),
('270', 'Washington EMC', '', '', 'http://www.washingtonemc.com', ' P.O. Box 598 258 N. Harris Street Sandersville GA 31082 ', '', '(478) 552-2577 ', 'Baldwin Emanuel Glascock Hancock Jefferson Johnson Laurens Warren Washington and Wilkinson', '', '', '', '', '', '', '', 'http://washingtonemc.com/wp-content/uploads/2014/08/Bylaws_web-version_14_08-14.pdf', '13'),
('271', 'Beauregard Electric', '', '1010 East First Street DeRidder LA 70634', 'http://www.beci.org/', 'P.O. Box 970 DeRidder LA 70634', '', '', 'The territory covers an area from Leesville and Fort Polk southward toward Interstate 10 and from the state line and the Sabine River eastward to Evangeline Parish.', '', '', '', '', '', '', '', '', '22'),
('272', 'Northeast 22 Electric Power Cooperative', 'nelpco', '1411 Landis St. Winnsboro LA 71295', 'http://www.nelpco.coop/', 'P.O. Box 1577 Winnsboro LA 71295', '', '(318) 435-4523', 'seven parishes - Franklin Madison Richland Tensas East Carroll West Carroll and Morehouse', '10840', '', '', '56', '2508', '', '', '', '22'),
('273', 'DEMCO', '', '16262 Wax Road Greenwell Springs LA 70739', 'http://www.demco.org/', '', '', '(225) 261-1221', 'Ascension13456 E_Baton_Rouge33137 E_Feliciana5871 Livingston40438 St_Helena5103 Tangipahoa599 W_Feliciana4297', '103011', '', '', '', '', 'DEMCO''s Board of Directors is composed of 13 individuals who are elected by the general membership to represent the membership in all matters pertaining to their electric cooperative. Each director is elected for a term of three years. Elections are alternating allowing four directors to be elected each year with five directors elected every third year.  Each director serves a "board district" which is made up of DEMCO members. Each member has one vote in the election for the director of his or her district.  DEMCO''s Board of Directors elects the board president. The president serves for a term of one year but can be re-elected.', '', '', '22'),
('274', 'Washington-St. Tammany Electric', '', 'Abita Springs 21504 Mire Dr. Abita Springs LA 70448', 'http://www.wste.coop/', '', 'memberservices@wste.coop', 'phone: (985) 892-8804', '', '', '', '', '', '', 'The service area of Claiborne Electric Cooperative is divided into nine districts with one representative of each district serving on the Board of Directors. These representatives are elected by members each December and serve rotating three-year terms. Detailed information about district boundaries can be found in Article IV Section 3 of the Co-op''s bylaws.', '', '', '22'),
('275', 'Claiborne Electric Coop', '', '12525 Hwy. 9 Homer LA 71040', 'http://www.our.coop/', '', '', '318.927.3504 or 1.800.900.9406     ', 'parishes including Bienville Claiborne Lincoln Ouachita Union and Webster', '', '', '', '74', '4000', '', '', '', '22'),
('276', 'Jefferson Davis Electric Cooperative', '', '906 N. Lake Arthur Avenue Jennings LA 70546', 'http://www.jdec.org/', 'P.O. Drawer 1229 Jennings LA 70546', 'jdelectric41@yahoo.com', '', '', '', '', '', '', '', 'b)         Election and Tenure: In the year 1979 nine board consumer/members shall be elected                 to office. Each board consumer/member shall represent  one of the nine districts and                 shall be elected in conformance with procedures as hereinafter described                 except that the term of office for each will be as follows: The board                 consumer/members representing District 1 4 and 7 shall each be elected to serve until                 the annual meeting to be  held in the year 1980 or until their successors                 shall have been elected and shall have qualified.  The board consumer/members                 representing District 2 5 and 8 shall each be elected to serve until the                 annual meeting to be held in the year 1981 or until  heir successors shall                 have been elected and shall have qualified.   The board consumer/members                         representing Districts 3 6 and 9 shall each be elected to serve until the                 annual meeting to be held in the year 1982 or until their successors shall                 have been elected and shall have qualified. Beginning in the year 1980                 three board consumer/members shall each be elected for a three year term to fill the                 vacancies caused by expiration of the incumbent terms of office. ', '', '', '22'),
('277', 'Panola-Harrison', '', '410 E. Houston St. Marshall TX 75671', 'http://www.phec.us/', 'P.O. Box 1058  Marshall TX 75671 ', '', '', '', '', '', '', '', '', '', '', '', '22'),
('278', 'Pointe Coupee Electric', 'pcemc', '2506 False River Drive New Roads LA 70760', 'http://www.pcemc.org/', 'P.0 Box 160  New Roads LA 70760', '', '', '', '', '', '', '', '', 'The Nominating Committees made up of Pointe Coupee Electric Members from Districts 3 and 5 met Tuesday Nov. 5 2013 at Pointe Coupee Electric Head-quarters at 2506 False River Drive in New Roads. The purpose of the meeting was to nominate candi-dates for the Board of Directors for terms of three years beginning January 29 2014. The candidates nominated are incumbents George G. LaCour Jr. District 3 and Peter Rumfola Jr. District 5. Pointe Coupee Electric members serving on the nominating committee from Districts 3 and 5 were listed in the October issue of 22 Country. DEADLINE FOR NOMINATING CANDIDATES BY PETITION is Wednesday November 27 2013 at 4:30 P.M. According to the by-laws of Pointe Coupee Elec-tric Membership Corporation candidates to run for the Board can be nominated in two ways: • (1) NOMINATING COMMITTEE of Pointe Coupee Electric Members make recommendations from their district; and • (2) PETITION - Any fifteen (15) members acting together in a district may nominate another candidate by petition not less than fifteen (15) days prior to the elec-tion. NOMINATIONS BY PETITION for candidates in District 3 and 5 are due in the office of Pointe Coupee Electric at 2506 False River Drive New Roads Loui-siana before or by the close of business at 4:30 P.M. Wednesday November 27 2013. Candidates for the Board must be active members of Pointe Coupee Electric and their main residence must be in the district for which they are nominated. Only active members within the same district as the candidate may make nominations. The district number is listed on the far right side of the PCEMC bill in the green shaded area. The list of nominations will be posted in the lobby of the Pointe Coupee Electric office. If there are no nominations by petition the candi-dates placed in nomination by the Nominating Commit-tees will assume their seats on the Board of Directors on January 29 2014. (Acct. No. 2325600) The by-laws regarding elections of Directors of the Pointe Coupee Electric board and the election schedule were published in the October 2013 issue of 22 Country', '', 'http://www.pcemc.org/content/laws', '22'),
('279', 'South 22 Electric', '', 'Houma Office 2028 Coteau Road Houma La 70364', 'http://www.sleca.com/', 'P.O. Box 4037 Houma LA 70361', '', '', '', '', '', '', '', '', '', '', '', '22');
COMMIT;